{
    "name": "root",
    "metadata": {
        "timer_format_version": "0.1.0",
        "start_time_seconds": "1748991990",
        "python_version": "3.10.12 | packaged by Anaconda, Inc. | (main, Jul  5 2023, 19:01:18) [MSC v.1916 64 bit (AMD64)]",
        "command_line_arguments": "C:\\Users\\maxil\\anaconda3\\envs\\mlagents\\Scripts\\mlagents-learn --run-id=prueba0 --force",
        "mlagents_version": "1.1.0",
        "mlagents_envs_version": "1.1.0",
        "communication_protocol_version": "1.5.0",
        "pytorch_version": "2.2.2+cu121",
        "numpy_version": "1.23.5",
        "end_time_seconds": "1748992110"
    },
    "total": 119.64898690000018,
    "count": 1,
    "self": 0.02314909999995507,
    "children": {
        "run_training.setup": {
            "total": 0.051246200000150566,
            "count": 1,
            "self": 0.051246200000150566
        },
        "TrainerController.start_learning": {
            "total": 119.57459160000008,
            "count": 1,
            "self": 0.041682599997784564,
            "children": {
                "TrainerController._reset_env": {
                    "total": 18.854845599999862,
                    "count": 1,
                    "self": 18.854845599999862
                },
                "TrainerController.advance": {
                    "total": 100.15044820000276,
                    "count": 1684,
                    "self": 0.04647609999528868,
                    "children": {
                        "env_step": {
                            "total": 99.62508760000856,
                            "count": 1684,
                            "self": 84.60346690002689,
                            "children": {
                                "SubprocessEnvManager._take_step": {
                                    "total": 14.997067099984179,
                                    "count": 1684,
                                    "self": 0.3218646999662269,
                                    "children": {
                                        "TorchPolicy.evaluate": {
                                            "total": 14.675202400017952,
                                            "count": 3362,
                                            "self": 14.675202400017952
                                        }
                                    }
                                },
                                "workers": {
                                    "total": 0.024553599997489073,
                                    "count": 1683,
                                    "self": 0.0,
                                    "children": {
                                        "worker_root": {
                                            "total": 36.46798109999418,
                                            "count": 1683,
                                            "is_parallel": true,
                                            "self": 21.054596799983756,
                                            "children": {
                                                "steps_from_proto": {
                                                    "total": 0.0046419000000241795,
                                                    "count": 2,
                                                    "is_parallel": true,
                                                    "self": 0.0020058000009157695,
                                                    "children": {
                                                        "_process_rank_one_or_two_observation": {
                                                            "total": 0.00263609999910841,
                                                            "count": 4,
                                                            "is_parallel": true,
                                                            "self": 0.00263609999910841
                                                        }
                                                    }
                                                },
                                                "UnityEnvironment.step": {
                                                    "total": 15.408742400010397,
                                                    "count": 1683,
                                                    "is_parallel": true,
                                                    "self": 0.18155889998570274,
                                                    "children": {
                                                        "UnityEnvironment._generate_step_input": {
                                                            "total": 0.21154900000738053,
                                                            "count": 1683,
                                                            "is_parallel": true,
                                                            "self": 0.21154900000738053
                                                        },
                                                        "communicator.exchange": {
                                                            "total": 14.412355799996021,
                                                            "count": 1683,
                                                            "is_parallel": true,
                                                            "self": 14.412355799996021
                                                        },
                                                        "steps_from_proto": {
                                                            "total": 0.603278700021292,
                                                            "count": 3366,
                                                            "is_parallel": true,
                                                            "self": 0.3804148000094756,
                                                            "children": {
                                                                "_process_rank_one_or_two_observation": {
                                                                    "total": 0.22286390001181644,
                                                                    "count": 6732,
                                                                    "is_parallel": true,
                                                                    "self": 0.22286390001181644
                                                                }
                                                            }
                                                        }
                                                    }
                                                }
                                            }
                                        }
                                    }
                                }
                            }
                        },
                        "trainer_advance": {
                            "total": 0.47888449999891236,
                            "count": 3366,
                            "self": 0.06921539999166271,
                            "children": {
                                "process_trajectory": {
                                    "total": 0.40966910000724965,
                                    "count": 3366,
                                    "self": 0.40966910000724965
                                }
                            }
                        }
                    }
                },
                "TrainerController._save_models": {
                    "total": 0.5276151999996728,
                    "count": 1,
                    "self": 0.033085599999594706,
                    "children": {
                        "RLTrainer._checkpoint": {
                            "total": 0.49452960000007806,
                            "count": 2,