{
    "name": "root",
    "metadata": {
        "timer_format_version": "0.1.0",
        "start_time_seconds": "1748993123",
        "python_version": "3.10.12 | packaged by Anaconda, Inc. | (main, Jul  5 2023, 19:01:18) [MSC v.1916 64 bit (AMD64)]",
        "command_line_arguments": "C:\\Users\\maxil\\anaconda3\\envs\\mlagents\\Scripts\\mlagents-learn --run-id=prueba0 --force",
        "mlagents_version": "1.1.0",
        "mlagents_envs_version": "1.1.0",
        "communication_protocol_version": "1.5.0",
        "pytorch_version": "2.2.2+cu121",
        "numpy_version": "1.23.5",
        "end_time_seconds": "1748993175"
    },
    "total": 51.68757639999967,
    "count": 1,
    "self": 0.016952699998910248,
    "children": {
        "run_training.setup": {
            "total": 0.05820850000054634,
            "count": 1,
            "self": 0.05820850000054634
        },
        "TrainerController.start_learning": {
            "total": 51.612415200000214,
            "count": 1,
            "self": 0.015778199998749187,
            "children": {
                "TrainerController._reset_env": {
                    "total": 21.33217599999989,
                    "count": 1,
                    "self": 21.33217599999989
                },
                "TrainerController.advance": {
                    "total": 30.08359730000211,
                    "count": 608,
                    "self": 0.019695100014359923,
                    "children": {
                        "env_step": {
                            "total": 29.05364209999152,
                            "count": 608,
                            "self": 23.956348199993045,
                            "children": {
                                "SubprocessEnvManager._take_step": {
                                    "total": 5.088363999999274,
                                    "count": 608,
                                    "self": 0.12255039999945438,
                                    "children": {
                                        "TorchPolicy.evaluate": {
                                            "total": 4.965813599999819,
                                            "count": 1208,
                                            "self": 4.965813599999819
                                        }
                                    }
                                },
                                "workers": {
                                    "total": 0.008929899999202462,
                                    "count": 607,
                                    "self": 0.0,
                                    "children": {
                                        "worker_root": {
                                            "total": 19.999924800016743,
                                            "count": 607,
                                            "is_parallel": true,
                                            "self": 10.99114130001908,
                                            "children": {
                                                "steps_from_proto": {
                                                    "total": 0.006461899999521847,
                                                    "count": 2,
                                                    "is_parallel": true,
                                                    "self": 0.0028810999992856523,
                                                    "children": {
                                                        "_process_rank_one_or_two_observation": {
                                                            "total": 0.003580800000236195,
                                                            "count": 4,
                                                            "is_parallel": true,
                                                            "self": 0.003580800000236195
                                                        }
                                                    }
                                                },
                                                "UnityEnvironment.step": {
                                                    "total": 9.00232159999814,
                                                    "count": 607,
                                                    "is_parallel": true,
                                                    "self": 0.11106089997883828,
                                                    "children": {
                                                        "UnityEnvironment._generate_step_input": {
                                                            "total": 0.2435920000079932,
                                                            "count": 607,
                                                            "is_parallel": true,
                                                            "self": 0.2435920000079932
                                                        },
                                                        "communicator.exchange": {
                                                            "total": 8.306581599998935,
                                                            "count": 607,
                                                            "is_parallel": true,
                                                            "self": 8.306581599998935
                                                        },
                                                        "steps_from_proto": {
                                                            "total": 0.3410871000123734,
                                                            "count": 1214,
                                                            "is_parallel": true,
                                                            "self": 0.18906210001750878,
                                                            "children": {
                                                                "_process_rank_one_or_two_observation": {
                                                                    "total": 0.15202499999486463,
                                                                    "count": 2428,
                                                                    "is_parallel": true,
                                                                    "self": 0.15202499999486463
                                                                }
                                                            }
                                                        }
                                                    }
                                                }
                                            }
                                        }
                                    }
                                }
                            }
                        },
                        "trainer_advance": {
                            "total": 1.0102600999962306,
                            "count": 1214,
                            "self": 0.027004499991562625,
                            "children": {
                                "process_trajectory": {
                                    "total": 0.9832556000046679,
                                    "count": 1214,
                                    "self": 0.9832556000046679
                                }
                            }
                        }
                    }
                },
                "trainer_threads": {
                    "total": 1.99999976757681e-06,
                    "count": 1,
                    "self": 1.99999976757681e-06
                },
                "TrainerController._save_models": {
                    "total": 0.1808616999996957,
                    "count": 1,
                    "self": 9.359999967273325e-05,