{"cameraMode":{"drawMode":0,"name":"Shaded","section":"Shading Mode"},"sceneLighting":true,"audioPlay":false,"sceneViewState":{"m_AlwaysRefresh":false,"showFog":true,"showSkybox":true,"showFlares":true,"showImageEffects":true,"showParticleSystems":true,"showVisualEffectGraphs":true,"m_FxEnabled":true},"in2DMode":false,"pivot":{"x":9.432053565979004,"y":29.763931274414064,"z":-67.58412170410156},"rotation":{"x":0.17457148432731629,"y":0.018014149740338327,"z":-0.0031942909117788078,"w":0.9844751954078674},"size":1.6111315488815308,"orthographic":false}